source_id,title,scheme,topic,source_type,url,publication_date,last_updated,retrieved_date,authority
SRC-001,PPFAS Mutual Fund Factsheet - August 2026,Multiple,Expense Ratio; Exit Load; Minimum Investment; Minimum SIP; Benchmark; Riskometer; Scheme Objective,AMC Factsheet,https://amc.ppfas.com/downloads/factsheet/2026/ppfas-mf-factsheet-for-August-2026.pdf,Not specified,2026-08-31,2026-09-27,AMC
SRC-002,Key Information Memorandum - Parag Parikh Flexi Cap Fund,Parag Parikh Flexi Cap Fund,Exit Load; Minimum Investment; Benchmark; Riskometer; Scheme Objective,Key Information Memorandum,https://amc.ppfas.com/downloads/parag-parikh-flexi-cap-fund/KIM_PPFCF.pdf,2025-11-27,2025-11-27,2026-09-27,AMC
SRC-003,Key Information Memorandum - Parag Parikh Large Cap Fund,Parag Parikh Large Cap Fund,Exit Load; Minimum Investment; Benchmark; Riskometer; Scheme Objective,Key Information Memorandum,https://amc.ppfas.com/downloads/parag-parikh-large-cap-fund/kim-parag-parikh-large-cap-fund.pdf,2025-12-10,2025-12-10,2026-09-27,AMC
SRC-004,Key Information Memorandum - Parag Parikh ELSS Tax Saver Fund,Parag Parikh ELSS Tax Saver Fund,Lock-in; Exit Load; Minimum Investment; Benchmark; Riskometer; Scheme Objective,Key Information Memorandum,https://amc.ppfas.com/downloads/parag-parikh-tax-saver-fund/kim-parag-parikh-tax-saver-fund.pdf,2025-11-27,2025-11-27,2026-09-27,AMC
SRC-005,Key Information Memorandum - Parag Parikh Liquid Fund,Parag Parikh Liquid Fund,Exit Load; Minimum Investment; Benchmark; Riskometer; Scheme Objective,Key Information Memorandum,https://amc.ppfas.com/downloads/parag-parikh-liquid-fund/kim-parag-parikh-liquid-fund.pdf,2025-11-27,2025-11-27,2026-09-27,AMC
SRC-006,Key Information Memorandum - Parag Parikh Conservative Hybrid Fund,Parag Parikh Conservative Hybrid Fund,Exit Load; Minimum Investment; Benchmark; Riskometer; Scheme Objective,Key Information Memorandum,https://amc.ppfas.com/downloads/parag-parikh-conservative-hybrid-fund/kim-parag-parikh-conservative-hybrid-fund.pdf,2025-11-27,2025-11-27,2026-09-27,AMC
SRC-007,Scheme Information Document - Parag Parikh ELSS Tax Saver Fund,Parag Parikh ELSS Tax Saver Fund,Lock-in; Exit Load; Minimum Investment; Scheme Objective,Scheme Information Document,https://amc.ppfas.com/downloads/parag-parikh-tax-saver-fund/sid-parag-parikh-tax-saver-fund.pdf,2025-11-28,2025-11-28,2026-09-27,AMC
SRC-008,Scheme Information Document - Parag Parikh Flexi Cap Fund,Parag Parikh Flexi Cap Fund,Exit Load; Minimum Investment; Scheme Objective,Scheme Information Document,https://amc.ppfas.com/downloads/parag-parikh-flexi-cap-fund/SID_PPFCF.pdf,2025-11-28,2025-11-28,2026-09-27,AMC
SRC-009,Scheme Page - Parag Parikh Flexi Cap Fund,Parag Parikh Flexi Cap Fund,Scheme Overview; Scheme Objective,AMC Scheme Page,https://amc.ppfas.com/schemes/parag-parikh-flexi-cap-fund/,Not specified,Not specified,2026-09-27,AMC
SRC-010,Scheme Information Document - Parag Parikh Large Cap Fund,Parag Parikh Large Cap Fund,Exit Load; Minimum Investment; Scheme Objective,Scheme Information Document,https://amc.ppfas.com/downloads/parag-parikh-large-cap-fund/sid-parag-parikh-large-cap-fund.pdf,2025-12-10,2025-12-10,2026-09-27,AMC
SRC-011,Scheme Page - Parag Parikh ELSS Tax Saver Fund,Parag Parikh ELSS Tax Saver Fund,Scheme Overview; Tax Benefits; Lock-in,AMC Scheme Page,https://amc.ppfas.com/schemes/parag-parikh-elss-tax-saver-fund/,Not specified,Not specified,2026-09-27,AMC
SRC-012,Scheme Page - Parag Parikh Liquid Fund,Parag Parikh Liquid Fund,Scheme Overview; Exit Load; Minimum SIP,AMC Scheme Page,https://amc.ppfas.com/schemes/parag-parikh-liquid-fund/,Not specified,Not specified,2026-09-27,AMC
SRC-013,Scheme Page - Parag Parikh Conservative Hybrid Fund,Parag Parikh Conservative Hybrid Fund,Scheme Overview; Scheme Objective,AMC Scheme Page,https://amc.ppfas.com/schemes/parag-parikh-conservative-hybrid-fund/,Not specified,Not specified,2026-09-27,AMC
SRC-014,"KIM, SID and SAI Downloads",General,Scheme Documents; SID; KIM,AMC Downloads Page,https://amc.ppfas.com/downloads/kim-sid-and-sai/,Not specified,Not specified,2026-09-27,AMC
SRC-015,Factsheet Downloads,General,Factsheet,AMC Downloads Page,https://amc.ppfas.com/downloads/factsheet/,Not specified,Not specified,2026-09-27,AMC
SRC-016,Investor Desk - PPFAS Mutual Fund,General,Account Statement; Capital Gains Statement; Investor Services,AMC Investor Services,https://amc.ppfas.com/investor-desk/,Not specified,Not specified,2026-09-27,AMC
SRC-017,Account Statement via Missed Call,General,Account Statement,AMC Investor Services,https://amc.ppfas.com/investor-desk/statement-via-missed-call/,Not specified,Not specified,2026-09-27,AMC
SRC-018,MFCentral - PPFAS Mutual Fund,General,Investor Services; Statement; CAS,AMC Investor Services,https://amc.ppfas.com/investor-desk/MFCentral/,Not specified,Not specified,2026-09-27,AMC
SRC-019,AMFI Investor Corner - Expense Ratio,General,Expense Ratio,AMFI Investor Education,https://www.amfiindia.com/investor/knowledge-center-info?zoneName=expenseRatio,Not specified,Not specified,2026-09-27,AMFI
SRC-020,AMFI Investor Corner - Consolidated Account Statement (CAS),General,CAS; Account Statement,AMFI Investor Education,https://www.amfiindia.com/investor/become-mf-distributor?zoneName=consolidatedAcct,Not specified,Not specified,2026-09-27,AMFI
SRC-021,AMFI - Download CAS,General,CAS; Capital Gains Statement,AMFI Investor Services,https://www.amfiindia.com/online-center/download-cas,Not specified,Not specified,2026-09-27,AMFI
SRC-022,AMFI Investor Corner - Investor Service FAQs,General,Account Statement; Investor Services; Folio,AMFI Investor Education,https://www.amfiindia.com/investor/become-mf-distributor?zoneName=InvestorService,Not specified,Not specified,2026-09-27,AMFI
SRC-023,AMFI Investor Corner - Risks in Mutual Funds,General,Risk; Investor Education,AMFI Investor Education,https://www.amfiindia.com/investor/knowledge-center-info?zoneName=riskInMutualFunds,Not specified,Not specified,2026-09-27,AMFI
SRC-024,AMFI Investor Corner - Categorization of Mutual Fund Schemes,General,Scheme Categories; ELSS; Investor Education,AMFI Investor Education,https://www.amfiindia.com/investor/knowledge-center-info?zoneName=CategorizationOfMutualFundSchemes,Not specified,Not specified,2026-09-27,AMFI
